{"cameraMode":{"drawMode":0,"name":"Shaded","section":"Shading Mode"},"sceneLighting":true,"audioPlay":false,"sceneViewState":{"m_AlwaysRefresh":false,"showFog":true,"showSkybox":true,"showFlares":true,"showImageEffects":true,"showParticleSystems":true,"showVisualEffectGraphs":true,"m_FxEnabled":true},"in2DMode":false,"pivot":{"x":232.38108825683595,"y":-126.47516632080078,"z":-161.88223266601563},"rotation":{"x":0.04420218989253044,"y":0.9418772459030151,"z":-0.15356704592704774,"w":0.3001393973827362},"size":213.27728271484376,"orthographic":false}