{"cameraMode":{"drawMode":0,"name":"Shaded","section":"Shading Mode"},"sceneLighting":true,"audioPlay":false,"sceneViewState":{"m_AlwaysRefresh":false,"showFog":true,"showSkybox":true,"showFlares":true,"showImageEffects":true,"showParticleSystems":true,"showVisualEffectGraphs":true,"m_FxEnabled":true},"in2DMode":false,"pivot":{"x":3.6785073280334474,"y":3.1725497245788576,"z":81.41390228271485},"rotation":{"x":0.07614286243915558,"y":0.027246197685599328,"z":-0.0037139859050512316,"w":0.9977690577507019},"size":15.651905059814454,"orthographic":false}