{"cameraMode":{"drawMode":0,"name":"Shaded","section":"Shading Mode"},"sceneLighting":true,"audioPlay":false,"sceneViewState":{"m_AlwaysRefresh":false,"showFog":true,"showSkybox":true,"showFlares":true,"showImageEffects":true,"showParticleSystems":true,"showVisualEffectGraphs":true,"m_FxEnabled":true},"in2DMode":false,"pivot":{"x":22.456195831298829,"y":246.54550170898438,"z":269.3050231933594},"rotation":{"x":0.029552731662988664,"y":-0.8795182108879089,"z":0.47289544343948367,"w":0.05577654391527176},"size":3.8445324897766115,"orthographic":false}