{"cameraMode":{"drawMode":0,"name":"Shaded","section":"Shading Mode"},"sceneLighting":true,"audioPlay":false,"sceneViewState":{"m_AlwaysRefresh":false,"showFog":true,"showSkybox":true,"showFlares":true,"showImageEffects":true,"showParticleSystems":true,"showVisualEffectGraphs":true,"m_FxEnabled":true},"in2DMode":false,"pivot":{"x":0.0962982177734375,"y":10.97406005859375,"z":194.787353515625},"rotation":{"x":-0.13787472248077393,"y":-0.025467537343502046,"z":-0.012449244037270546,"w":-0.9902791976928711},"size":37.55104446411133,"orthographic":false}