{"cameraMode":{"drawMode":0,"name":"Shaded","section":"Shading Mode"},"sceneLighting":false,"audioPlay":false,"sceneViewState":{"m_AlwaysRefresh":false,"showFog":true,"showSkybox":false,"showFlares":true,"showImageEffects":true,"showParticleSystems":true,"showVisualEffectGraphs":true,"m_FxEnabled":true},"in2DMode":false,"pivot":{"x":-135.12313842773438,"y":-56.514408111572269,"z":124.32131958007813},"rotation":{"x":0.11510787904262543,"y":-0.7889483571052551,"z":0.15451838076114655,"w":0.5842107534408569},"size":80.09102630615235,"orthographic":false}