{"cameraMode":{"drawMode":0,"name":"Shaded","section":"Shading Mode"},"sceneLighting":false,"audioPlay":false,"sceneViewState":{"m_AlwaysRefresh":false,"showFog":true,"showSkybox":false,"showFlares":true,"showImageEffects":true,"showParticleSystems":true,"showVisualEffectGraphs":true,"m_FxEnabled":true},"in2DMode":false,"pivot":{"x":-3.303799867630005,"y":-25.210277557373048,"z":226.88270568847657},"rotation":{"x":0.2219630479812622,"y":-0.026683002710342408,"z":0.005802243947982788,"w":0.9751123785972595},"size":36.338836669921878,"orthographic":false}