{"cameraMode":{"drawMode":0,"name":"Shaded","section":"Shading Mode"},"sceneLighting":false,"audioPlay":false,"sceneViewState":{"m_AlwaysRefresh":false,"showFog":true,"showSkybox":false,"showFlares":true,"showImageEffects":true,"showParticleSystems":true,"showVisualEffectGraphs":true,"m_FxEnabled":true},"in2DMode":false,"pivot":{"x":11.066941261291504,"y":-12.245484352111817,"z":-29.187768936157228},"rotation":{"x":-0.00816030241549015,"y":-0.9871728420257568,"z":0.15225663781166078,"w":-0.05549716576933861},"size":29.219308853149415,"orthographic":false}