{"cameraMode":{"drawMode":0,"name":"Shaded","section":"Shading Mode"},"sceneLighting":false,"audioPlay":false,"sceneViewState":{"m_AlwaysRefresh":false,"showFog":true,"showSkybox":false,"showFlares":true,"showImageEffects":true,"showParticleSystems":true,"showVisualEffectGraphs":true,"m_FxEnabled":true},"in2DMode":false,"pivot":{"x":15.253242492675782,"y":6.2378153800964359,"z":-0.8090968132019043},"rotation":{"x":0.16327586770057679,"y":-0.45102885365486147,"z":0.08431554585695267,"w":0.8733989596366882},"size":0.36053740978240969,"orthographic":false}